Spring fawn count/100,Annual precipitation(inches),Winter severity index(1=mild;5=severe),Size of adult antelope population/100
2.900000095,13.19999981,2,9.199999809
2.400000095,11.5,3,8.699999809
2,10.80000019,4,7.199999809
2.299999952,12.30000019,2,8.5
3.200000048,12.60000038,3,9.6
1.899999976,10.60000038,5,6.800000191
3.400000095,14.10000038,1,9.699999809
2.099999905,11.19999981,3,7.900000095
